-- phpMyAdmin SQL Dump
-- version 4.0.10.7
-- http://www.phpmyadmin.net
--
-- Host: localhost:3306
-- Generation Time: Mar 22, 2016 at 03:42 PM
-- Server version: 5.5.48-cll
-- PHP Version: 5.4.31

SET SQL_MODE = "NO_AUTO_VALUE_ON_ZERO";
SET time_zone = "+00:00";


/*!40101 SET @OLD_CHARACTER_SET_CLIENT=@@CHARACTER_SET_CLIENT */;
/*!40101 SET @OLD_CHARACTER_SET_RESULTS=@@CHARACTER_SET_RESULTS */;
/*!40101 SET @OLD_COLLATION_CONNECTION=@@COLLATION_CONNECTION */;
/*!40101 SET NAMES utf8 */;

--
-- Database: `kaloyanp_themallcup`
--

-- --------------------------------------------------------

--
-- Table structure for table `admin`
--

CREATE TABLE IF NOT EXISTS `admin` (
  `id` int(11) NOT NULL AUTO_INCREMENT,
  `user` varchar(255) NOT NULL,
  `pass` varchar(255) NOT NULL,
  PRIMARY KEY (`id`)
) ENGINE=MyISAM  DEFAULT CHARSET=cp1251 AUTO_INCREMENT=2 ;

--
-- Dumping data for table `admin`
--

INSERT INTO `admin` (`id`, `user`, `pass`) VALUES
(1, 'admin', '85c464ff5480618f0ec201992d166f7287d255a2');

-- --------------------------------------------------------

--
-- Table structure for table `game`
--

CREATE TABLE IF NOT EXISTS `game` (
  `id` int(11) NOT NULL AUTO_INCREMENT,
  `gid` int(11) NOT NULL,
  `h_team_id` int(11) NOT NULL COMMENT 'Home',
  `v_team_id` int(11) NOT NULL COMMENT 'Visitors',
  `date` date NOT NULL,
  `time` time NOT NULL,
  `score` varchar(7) NOT NULL,
  PRIMARY KEY (`id`),
  KEY `h_team_id` (`h_team_id`,`v_team_id`),
  KEY `gid` (`gid`)
) ENGINE=MyISAM  DEFAULT CHARSET=cp1251 AUTO_INCREMENT=202 ;

--
-- Dumping data for table `game`
--

INSERT INTO `game` (`id`, `gid`, `h_team_id`, `v_team_id`, `date`, `time`, `score`) VALUES
(66, 10, 109, 110, '2014-06-20', '15:00:00', '5:0(сл)'),
(52, 6, 34, 62, '2014-06-14', '14:15:00', '1:8'),
(53, 7, 1, 2, '2014-06-14', '15:00:00', '2:16'),
(68, 10, 113, 114, '2014-06-20', '16:30:00', '0:5(сл)'),
(70, 14, 53, 115, '2014-06-13', '20:15:00', '7:10'),
(67, 10, 111, 112, '2014-06-20', '15:45:00', '12:10'),
(69, 14, 51, 52, '2014-06-13', '19:30:00', '22:6'),
(25, 17, 24, 23, '2014-06-05', '15:00:00', ''),
(54, 10, 14, 13, '2014-06-13', '15:00:00', '14:5'),
(55, 10, 68, 72, '2014-06-13', '15:45:00', '5:0(сл)'),
(56, 10, 73, 75, '2014-06-13', '16:30:00', '3:22'),
(57, 10, 77, 79, '2014-06-13', '17:15:00', '6:7'),
(58, 10, 81, 83, '2014-06-13', '18:00:00', '11:9'),
(59, 10, 85, 87, '2014-06-13', '18:45:00', '28:5'),
(60, 10, 89, 91, '2014-06-19', '15:00:00', '6:17'),
(61, 10, 93, 95, '2014-06-19', '15:45:00', '5:0(сл)'),
(62, 10, 97, 99, '2014-06-19', '16:30:00', '5:6'),
(63, 10, 101, 103, '2014-06-19', '17:15:00', '8:5'),
(64, 10, 105, 106, '2014-06-19', '18:00:00', '5:0(сл)'),
(65, 10, 107, 108, '2014-06-19', '18:45:00', '10:9'),
(71, 14, 116, 117, '2014-06-19', '20:15:00', '25:10'),
(72, 14, 118, 119, '2014-06-14', '15:45:00', '14:7'),
(73, 14, 120, 121, '2014-06-14', '16:30:00', '0:5(сл)'),
(74, 14, 122, 123, '2014-06-14', '17:15:00', '9:6'),
(75, 14, 124, 125, '2014-06-14', '18:00:00', '5:0(сл)'),
(76, 14, 126, 127, '2014-06-14', '18:45:00', '9:12'),
(77, 14, 128, 129, '2014-06-14', '19:30:00', '5:0(сл)'),
(78, 14, 170, 171, '2014-06-14', '20:15:00', '4:17'),
(79, 14, 130, 131, '2014-06-20', '20:15:00', '5:0(сл)'),
(80, 14, 132, 133, '2014-06-22', '15:00:00', '0:5(сл)'),
(81, 14, 134, 135, '2014-06-15', '15:45:00', '4:8'),
(82, 14, 136, 137, '2014-06-15', '16:30:00', '0:5(сл)'),
(83, 14, 138, 139, '2014-06-15', '17:15:00', '15:5'),
(84, 14, 140, 141, '2014-06-15', '18:00:00', '3:10'),
(85, 14, 142, 143, '2014-06-15', '18:45:00', '10:7'),
(86, 14, 144, 145, '2014-06-15', '19:30:00', '7:8(д.)'),
(87, 14, 146, 147, '2014-06-15', '20:15:00', '5:0(сл)'),
(88, 14, 148, 149, '2014-06-19', '19:30:00', '4:17'),
(89, 14, 150, 151, '2014-06-20', '19:30:00', '17:1'),
(90, 14, 152, 153, '2014-06-21', '14:15:00', '5:0(сл)'),
(91, 14, 154, 155, '2014-06-21', '15:00:00', '0:5(сл)'),
(92, 14, 156, 157, '2014-06-21', '15:45:00', 'X-X'),
(93, 14, 158, 159, '2014-06-21', '16:30:00', '5:0(сл)'),
(94, 14, 160, 161, '2014-06-21', '17:15:00', '0:5(сл)'),
(95, 14, 162, 163, '2014-06-21', '18:00:00', '7:14'),
(96, 14, 164, 165, '2014-06-21', '18:45:00', '7:8'),
(97, 14, 166, 167, '2014-06-21', '19:30:00', '8:9'),
(98, 14, 168, 169, '2014-06-21', '20:15:00', '0:5(сл)'),
(99, 54, 174, 175, '2014-06-15', '14:15:00', '4:7'),
(100, 54, 172, 173, '2014-06-15', '15:00:00', '5:3'),
(101, 10, 14, 68, '2014-06-20', '17:15:00', '11:14'),
(102, 10, 75, 79, '2014-06-20', '18:00:00', '9:7'),
(103, 10, 81, 85, '2014-06-20', '18:45:00', '3:25'),
(104, 14, 51, 115, '2014-06-22', '15:45:00', '16:4'),
(105, 14, 118, 121, '2014-06-22', '16:30:00', '8:9(д)'),
(106, 14, 122, 124, '2014-06-22', '17:15:00', '11:7'),
(107, 14, 127, 128, '2014-06-22', '18:00:00', '17:8'),
(108, 14, 171, 135, '2014-06-22', '18:45:00', '7:8'),
(109, 14, 137, 138, '2014-06-22', '19:30:00', '7:15'),
(110, 14, 141, 142, '2014-06-22', '20:15:00', '3:8'),
(111, 10, 91, 93, '2014-06-26', '15:00:00', '14:12'),
(112, 10, 99, 101, '2014-06-26', '15:45:00', '9:14'),
(113, 10, 105, 107, '2014-06-26', '16:30:00', '17:11'),
(114, 14, 145, 146, '2014-06-26', '19:30:00', '9:11'),
(115, 14, 149, 116, '2014-06-27', '19:30:00', '10:11'),
(116, 10, 109, 111, '2014-06-26', '17:15:00', '9:21'),
(149, 10, 77, 97, '2014-06-26', '18:00:00', '0:5(сл)'),
(118, 14, 150, 130, '2014-06-28', '15:00:00', '17:6'),
(119, 14, 152, 155, '2014-06-21', '15:15:00', '5:7'),
(120, 14, 158, 161, '2014-06-28', '15:45:00', '5:4'),
(121, 14, 163, 165, '2014-06-28', '16:30:00', '9:7'),
(122, 14, 167, 169, '2014-06-28', '17:15:00', '0:5(сл)'),
(123, 14, 144, 133, '2014-06-28', '18:00:00', '9:10'),
(137, 55, 181, 180, '2014-06-29', '15:00:00', '6:14'),
(138, 55, 182, 183, '2014-06-29', '15:45:00', '7:6'),
(139, 55, 181, 182, '2014-07-05', '16:30:00', '0:5'),
(140, 55, 180, 183, '2014-07-05', '17:15:00', '4:17'),
(141, 55, 181, 183, '2014-07-06', '18:00:00', '0:5'),
(142, 55, 180, 182, '2014-07-06', '18:45:00', '0:5'),
(143, 56, 184, 185, '2014-07-04', '19:30:00', '5:16'),
(144, 56, 186, 187, '2014-06-29', '18:45:00', '5:5'),
(145, 56, 184, 186, '2014-07-05', '15:00:00', '3:22'),
(146, 56, 185, 187, '2014-07-05', '15:45:00', '9:10'),
(147, 56, 184, 187, '2014-07-06', '16:30:00', '0:5'),
(148, 56, 185, 186, '2014-07-06', '17:15:00', '0:5'),
(150, 10, 114, 97, '2014-06-26', '18:45:00', '7:5'),
(151, 10, 68, 114, '2014-06-27', '15:00:00', '11:11'),
(152, 10, 75, 111, '2014-06-27', '15:45:00', '7:7'),
(153, 10, 85, 105, '2014-06-27', '16:30:00', '18:11'),
(154, 10, 91, 101, '2014-06-27', '17:15:00', '15:8'),
(155, 10, 111, 85, '2014-06-27', '18:00:00', '9:16'),
(156, 10, 68, 75, '2014-06-27', '18:45:00', '6:9'),
(157, 10, 105, 91, '2014-07-03', '15:00:00', '13:16'),
(158, 10, 114, 101, '2014-07-03', '15:45:00', '6:10'),
(159, 10, 85, 68, '2014-07-03', '16:30:00', '23:16'),
(160, 10, 75, 114, '2014-07-03', '17:15:00', '7:6'),
(161, 10, 91, 111, '2014-07-03', '18:00:00', '14:9'),
(163, 10, 114, 105, '2014-07-04', '15:00:00', '8:17'),
(164, 10, 111, 101, '2014-07-04', '15:45:00', '6:3'),
(166, 10, 68, 91, '2014-07-04', '17:15:00', '7:17'),
(167, 10, 105, 111, '2014-07-04', '18:00:00', '11:11'),
(168, 10, 85, 114, '2014-07-04', '18:45:00', '25:14'),
(169, 10, 101, 68, '2014-07-10', '15:00:00', '5:0'),
(170, 10, 91, 75, '2014-07-10', '15:45:00', '13:16'),
(171, 10, 114, 111, '2014-07-10', '16:30:00', '0:5'),
(172, 10, 68, 105, '2014-07-10', '17:15:00', '0:5'),
(173, 10, 75, 101, '2014-07-10', '18:00:00', '4:4'),
(174, 10, 85, 91, '2014-07-10', '18:45:00', '12:10'),
(175, 10, 91, 114, '2014-07-11', '15:00:00', '5:0'),
(176, 10, 101, 85, '2014-07-11', '15:45:00', '25:10'),
(177, 10, 105, 75, '2014-07-11', '16:30:00', '12:8'),
(178, 10, 111, 68, '2014-07-11', '17:15:00', '5:0'),
(179, 14, 188, 189, '2014-06-28', '18:45:00', '11:3'),
(180, 59, 190, 191, '2014-06-29', '16:30:00', '21:6'),
(181, 59, 193, 194, '2014-06-29', '17:15:00', '14:19'),
(182, 59, 194, 190, '2014-07-05', '18:00:00', '7:9'),
(183, 59, 193, 191, '2014-07-05', '18:45:00', '5:0'),
(184, 59, 194, 191, '2014-07-06', '15:00:00', '5:0'),
(185, 59, 193, 190, '2014-07-06', '15:45:00', '10:10'),
(186, 60, 195, 196, '2014-06-29', '18:00:00', '14:5'),
(187, 60, 197, 198, '2014-06-29', '19:30:00', '2:6'),
(188, 60, 195, 198, '2014-07-03', '19:30:00', '17:10'),
(189, 60, 197, 196, '2014-07-05', '19:30:00', '5:0'),
(190, 60, 196, 198, '2014-07-06', '19:30:00', '7:15'),
(191, 60, 197, 195, '2014-07-10', '19:30:00', '0:5'),
(192, 10, 75, 199, '2014-07-04', '16:30:00', '11:15'),
(193, 10, 101, 105, '2014-07-03', '18:45:00', '10:10'),
(194, 62, 205, 206, '2014-07-12', '18:00:00', '10:14'),
(195, 62, 207, 208, '2014-07-12', '18:45:00', '7:8'),
(196, 65, 211, 212, '2014-07-12', '16:30:00', '24:13'),
(197, 65, 213, 214, '2014-07-12', '17:15:00', '9:8'),
(198, 66, 216, 217, '2014-07-13', '16:30:00', '5:10'),
(199, 66, 218, 219, '2014-07-13', '17:15:00', '13:8'),
(200, 67, 220, 224, '2014-07-13', '18:00:00', '11:7'),
(201, 67, 222, 223, '2014-07-13', '18:45:00', '15:4');

-- --------------------------------------------------------

--
-- Table structure for table `group`
--

CREATE TABLE IF NOT EXISTS `group` (
  `id` int(11) NOT NULL AUTO_INCREMENT,
  `gid` int(11) NOT NULL,
  `name` varchar(255) NOT NULL,
  `sort` int(11) NOT NULL,
  `stats_visible` int(11) NOT NULL DEFAULT '1',
  `games_visible` int(11) NOT NULL DEFAULT '1',
  PRIMARY KEY (`id`),
  KEY `gid` (`gid`)
) ENGINE=MyISAM  DEFAULT CHARSET=cp1251 AUTO_INCREMENT=69 ;

--
-- Dumping data for table `group`
--

INSERT INTO `group` (`id`, `gid`, `name`, `sort`, `stats_visible`, `games_visible`) VALUES
(1, 0, 'from 9 to 13', 0, 0, 1),
(2, 0, 'from 14 to 18', 1, 1, 1),
(3, 0, '18+', 2, 1, 1),
(6, 1, 'Group A', 0, 1, 1),
(7, 1, 'Group B', 1, 1, 1),
(10, 2, 'Games 14-18', 0, 1, 1),
(56, 3, 'group B', 3, 1, 1),
(55, 3, 'group A', 2, 1, 1),
(14, 3, 'Games 18+', 0, 0, 1),
(54, 1, 'Finals', 3, 1, 1),
(62, 3, 'Semi-finals', 6, 0, 1),
(66, 2, 'Finals', 2, 0, 1),
(65, 2, 'Semi-finals', 1, 0, 1),
(67, 3, 'Finals', 7, 0, 1);

-- --------------------------------------------------------

--
-- Table structure for table `team`
--

CREATE TABLE IF NOT EXISTS `team` (
  `id` int(11) NOT NULL AUTO_INCREMENT,
  `gid` int(11) NOT NULL,
  `name` varchar(255) NOT NULL,
  `sort` int(11) NOT NULL,
  `stats` varchar(30) NOT NULL DEFAULT '0-0-0-0',
  `goals` int(11) NOT NULL DEFAULT '0',
  `points` int(11) NOT NULL DEFAULT '0',
  `hidden` int(11) DEFAULT '0',
  PRIMARY KEY (`id`),
  KEY `gid` (`gid`)
) ENGINE=MyISAM  DEFAULT CHARSET=cp1251 AUTO_INCREMENT=225 ;

--
-- Dumping data for table `team`
--

INSERT INTO `team` (`id`, `gid`, `name`, `sort`, `stats`, `goals`, `points`, `hidden`) VALUES
(1, 7, 'Момчетата от 18-ти блок', 0, '0-0-0-0', 0, 0, 0),
(2, 7, 'FC Stochna gara', 1, '0-0-0-0', 0, 0, 0),
(46, 38, 'test', 0, '0-0-0-0', 0, 0, 0),
(5, 8, 'СОД DSC', 2, '0-0-0-0', 0, 0, 0),
(6, 8, 'ПОРТ ВАРНА', 1, '0-0-0-0', 0, 0, 0),
(7, 8, 'ЗЕЛЕН БОБ', 3, '0-0-0-0', 0, 0, 0),
(8, 8, 'ИНТЕР', 4, '0-0-0-0', 0, 0, 0),
(9, 9, 'СОД DSC', 0, '0-0-0-0', 0, 0, 0),
(10, 9, 'ПОРТ ВАРНА', 1, '0-0-0-0', 0, 0, 0),
(11, 9, 'ЗЕЛЕН БОБ', 3, '0-0-0-0', 0, 0, 0),
(12, 9, 'ИНТЕР', 4, '0-0-0-0', 0, 0, 0),
(13, 10, 'FC Gorublqne', 9, '0-0-0-0', 0, 0, 1),
(14, 10, 'Southend', 8, '0-0-0-0', 0, 0, 1),
(110, 10, 'ASPFC', 27, '0-0-0-0', 0, 0, 1),
(17, 11, 'СОД DSC', 1, '0-0-0-0', 0, 0, 0),
(18, 12, 'ПОРТ ВАРНА', 2, '0-0-0-0', 0, 0, 0),
(19, 13, 'ЗЕЛЕН БОБ', 2, '0-0-0-0', 0, 0, 0),
(41, 24, 'test', 1, '0-0-0-0', 0, 0, 0),
(21, 15, 'СОД DSC', 1, '0-0-0-0', 0, 0, 0),
(22, 16, 'ПОРТ ВАРНА', 2, '0-0-0-0', 0, 0, 0),
(23, 17, 'ЗЕЛЕН БОБ', 2, '0-0-0-0', 0, 0, 0),
(24, 17, 'ИНТЕР', 2, '0-0-0-0', 0, 0, 0),
(62, 6, 'Банкя', 1, '0-0-0-0', 0, 3, 0),
(42, 24, 'asfasfafs', 0, '0-0-0-0', 0, 0, 0),
(34, 6, 'ТРАКТОР', 0, '0-0-0-1', 123, 12, 0),
(47, 38, 'test', 2, '0-0-0-0', 0, 0, 0),
(48, 38, 'tt', 1, '0-0-0-0', 0, 0, 0),
(49, 27, 'Селяни', 1, '0-0-0-0', 0, 0, 0),
(50, 27, 'Големи', 2, '0-0-0-0', 0, 0, 0),
(51, 14, 'ЛИДЕРИТЕ', 0, '0-0-0-0', 0, 0, 0),
(52, 14, 'Пудекс Юнайтед', 59, '0-0-0-0', 0, 0, 1),
(53, 14, 'лоялните', 1, '0-0-0-0', 0, 0, 1),
(54, 39, 'асфасф', 1, '0-0-0-0', 0, 0, 0),
(55, 39, 'асффасфас', 2, '0-0-0-0', 0, 0, 0),
(56, 39, 'асггас', 3, '0-0-0-0', 0, 0, 0),
(57, 40, 'gasg', 1, '0-0-0-0', 0, 0, 0),
(58, 40, 'asgasg', 2, '0-0-0-0', 0, 0, 0),
(59, 45, 'sdgdgs', 1, '0-0-0-0', 0, 0, 0),
(60, 45, 'asd', 0, '0-0-0-0', 0, 0, 0),
(128, 14, 'кнск', 14, '0-0-0-0', 0, 0, 1),
(61, 46, 'sdgsdg', 1, '0-0-0-0', 0, 0, 0),
(127, 14, 'котън клуб', 9, '0-0-0-0', 0, 0, 1),
(126, 14, 'vivacom', 15, '0-0-0-0', 0, 0, 1),
(125, 14, 'скрита сила а', 13, '0-0-0-0', 0, 0, 1),
(124, 14, 'dream team', 12, '0-0-0-0', 0, 0, 1),
(108, 10, 'ФК Младост(съни бюлгеров)', 25, '0-0-0-0', 0, 0, 1),
(109, 10, 'ФК Испанската', 26, '0-0-0-0', 0, 0, 1),
(68, 10, 'ФК - ДИЕ', 7, '7-0-6-1', -35, 1, 0),
(111, 10, 'Армагедон', 4, '7-3-2-2', 1, 11, 0),
(72, 10, 'FC SOKOL', 10, '0-0-0-0', 0, 0, 1),
(112, 10, 'бат георги', 28, '0-0-0-0', 0, 0, 1),
(73, 10, 'Армейците', 11, '0-0-0-0', 0, 0, 1),
(113, 10, 'ФК Кудкудяк', 29, '0-0-0-0', 0, 0, 1),
(75, 10, 'ФК АКАДЕМИК 1947', 5, '7-3-2-2', -1, 11, 0),
(114, 10, 'ПОМАЦИТЕ', 6, '7-1-5-1', -35, 4, 0),
(77, 10, 'БОНОНИЯ', 12, '0-0-0-0', 0, 0, 1),
(79, 10, 'ПФК Дружба(Кирил Петров)', 14, '0-0-0-0', 0, 0, 1),
(81, 10, 'малинка_белка', 15, '0-0-0-0', 0, 0, 1),
(115, 14, 'свежинките', 2, '0-0-0-0', 0, 0, 1),
(83, 10, 'drujba(Християн Тенев)', 16, '0-0-0-0', 0, 0, 1),
(116, 14, 'бразилияно', 3, '0-0-0-0', 0, 0, 1),
(85, 10, 'младост(Мартин Бойкинов)', 13, '0-0-0-0', 0, 0, 1),
(117, 14, 'мфк динамо софия 200', 4, '0-0-0-0', 0, 0, 1),
(87, 10, 'фк софия 2010', 17, '0-0-0-0', 0, 0, 1),
(89, 10, 'пешките', 18, '0-0-0-0', 0, 0, 1),
(118, 14, 'гошопешо', 5, '0-0-0-0', 0, 0, 1),
(91, 10, 'emporio', 1, '8-5-3-0', 20, 15, 0),
(107, 10, 'Лидерите(марио петров)', 23, '0-0-0-0', 0, 0, 1),
(93, 10, 'sofia kings', 19, '0-0-0-0', 0, 0, 1),
(119, 14, 'аладин фуудс', 6, '0-0-0-0', 0, 0, 1),
(95, 10, 'звездите', 20, '0-0-0-0', 0, 0, 1),
(120, 14, 'Nike team II', 7, '0-0-0-0', 0, 0, 1),
(97, 10, 'дружба(алекс атанасов)', 21, '0-0-0-0', 0, 0, 1),
(106, 10, 'Svetovrachene', 24, '0-0-0-0', 0, 0, 1),
(99, 10, 'бразилците', 6, '0-0-0-0', 0, 0, 1),
(121, 14, 'фк камбаните', 8, '0-0-0-0', 0, 0, 1),
(101, 10, 'фк "младост 4"(цветан-ернандо уанг)', 2, '8-4-2-2', 15, 14, 0),
(122, 14, 'ширли_дирли', 11, '0-0-0-0', 0, 0, 1),
(103, 10, 'балките', 22, '0-0-0-0', 0, 0, 1),
(123, 14, 'sb tech united', 10, '0-0-0-0', 0, 0, 1),
(105, 10, 'фк дружба(николай арабаджиев)', 3, '8-3-3-2', 3, 11, 0),
(129, 14, 'HAWK''S LOZENEC', 18, '0-0-0-0', 0, 0, 1),
(130, 14, 'winners 2012', 17, '0-0-0-0', 0, 0, 1),
(131, 14, 'fc fiesta', 16, '0-0-0-0', 0, 0, 1),
(132, 14, 'диваците', 20, '0-0-0-0', 0, 0, 1),
(133, 14, 'сините', 19, '0-0-0-0', 0, 0, 1),
(134, 14, 'мвр дружба(николай трайков)', 22, '0-0-0-0', 0, 0, 1),
(135, 14, 'дзи', 21, '0-0-0-0', 0, 0, 1),
(136, 14, 'палермо', 25, '0-0-0-0', 0, 0, 1),
(137, 14, 'том и джери', 24, '0-0-0-0', 0, 0, 1),
(138, 14, 'партизан', 23, '0-0-0-0', 0, 0, 1),
(139, 14, 'инграм майкро', 26, '0-0-0-0', 0, 0, 1),
(140, 14, 'груб строеж', 27, '0-0-0-0', 0, 0, 1),
(141, 14, 'starbucks', 28, '0-0-0-0', 0, 0, 1),
(142, 14, 'хулигани', 30, '0-0-0-0', 0, 0, 1),
(143, 14, 'hala madrid', 29, '0-0-0-0', 0, 0, 1),
(144, 14, 'power rangers', 32, '0-0-0-0', 0, 0, 1),
(145, 14, 'pull and bear(хитрите мечоци)', 31, '0-0-0-0', 0, 0, 1),
(146, 14, 'металург', 34, '0-0-0-0', 0, 0, 1),
(147, 14, 'k-express-2', 35, '0-0-0-0', 0, 0, 1),
(148, 14, 'фк йордовец', 33, '0-0-0-0', 0, 0, 1),
(149, 14, 'евроинс', 36, '0-0-0-0', 0, 0, 1),
(150, 14, 'туристи', 37, '0-0-0-0', 0, 0, 1),
(151, 14, 'chicago dogz', 38, '0-0-0-0', 0, 0, 1),
(152, 14, 'милковците', 39, '0-0-0-0', 0, 0, 1),
(153, 14, 'mladost city(божидар коев)', 41, '0-0-0-0', 0, 0, 1),
(154, 14, 'фалшиви деветки', 40, '0-0-0-0', 0, 0, 1),
(155, 14, 'реал западен парк', 42, '0-0-0-0', 0, 0, 1),
(156, 14, 'дружба(марио николов)', 43, '0-0-0-0', 0, 0, 1),
(157, 14, 'mindcrime', 44, '0-0-0-0', 0, 0, 1),
(158, 14, 'топчиите', 45, '0-0-0-0', 0, 0, 1),
(159, 14, 'spain', 46, '0-0-0-0', 0, 0, 1),
(160, 14, 'махленско тиймче', 47, '0-0-0-0', 0, 0, 1),
(161, 14, 'sponge_bob', 48, '0-0-0-0', 0, 0, 1),
(162, 14, 'хиените', 49, '0-0-0-0', 0, 0, 1),
(163, 14, 'fc. "chapa-skimuchi"', 50, '0-0-0-0', 0, 0, 1),
(164, 14, 'хостуей кор(П)', 51, '0-0-0-0', 0, 0, 1),
(165, 14, 'brasil', 52, '0-0-0-0', 0, 0, 1),
(166, 14, 'инженерите', 53, '0-0-0-0', 0, 0, 1),
(167, 14, 'спортистите ', 54, '0-0-0-0', 0, 0, 1),
(168, 14, 'blizoo team', 55, '0-0-0-0', 0, 0, 1),
(169, 14, 'ла фурия', 56, '0-0-0-0', 0, 0, 1),
(170, 14, 'Диви пръчови', 57, '0-0-0-0', 0, 0, 1),
(171, 14, 'белгия', 58, '0-0-0-0', 0, 0, 1),
(172, 54, 'Банкя', 1, '0-0-0-0', 0, 0, 0),
(173, 54, 'FC STOCHNA GARA', 2, '0-0-0-0', 0, 0, 0),
(174, 54, 'Момчетата от 18-ти блок', 3, '0-0-0-0', 0, 0, 0),
(175, 54, 'трактор', 4, '0-0-0-0', 0, 0, 0),
(176, 10, 'test', 30, '0-0-0-0', 0, 0, 1),
(177, 14, 'западен парк', 41, '0-0-0-0', 0, 0, 0),
(178, 14, 'хулигани', 42, '0-0-0-0', 0, 0, 0),
(179, 14, 'котън клуб', 43, '0-0-0-0', 0, 0, 0),
(180, 55, 'лидерите', 2, '3-1-2-0', -10, 3, 0),
(181, 55, 'западен парк', 3, '3-0-3-0', -18, 0, 0),
(182, 55, 'хулигани', 0, '4-4-0-0', 15, 12, 0),
(183, 55, 'котън клуб', 1, '3-2-1-0', 17, 6, 0),
(184, 56, 'камбаните', 3, '3-0-3-0', -35, 0, 0),
(185, 56, 'ширли_дирли', 2, '3-1-2-0', 5, 3, 0),
(186, 56, 'дзи', 0, '4-3-0-1', 33, 10, 0),
(187, 56, 'партизан', 1, '3-2-0-1', 6, 7, 0),
(188, 14, 'ЕВРОИНС', 5, '0-0-0-0', 0, 0, 0),
(189, 14, 'ХОСТУЕЙ КОР(П)', 6, '0-0-0-0', 0, 0, 0),
(190, 59, 'Ла фурия', 0, '4-2-1-1', 18, 7, 0),
(191, 59, 'Сините', 3, '3-0-3-0', -25, 0, 0),
(192, 59, 'бразилияно', 3, '0-0-0-0', 0, 0, 1),
(193, 59, 'бразилиано', 2, '3-1-1-1', 0, 4, 0),
(194, 59, 'топчиите', 1, '3-2-1-0', 3, 6, 0),
(195, 60, 'туристите', 0, '4-3-1-0', 12, 9, 0),
(196, 60, 'евроинс', 3, '3-0-3-0', -22, 0, 0),
(197, 60, 'металург', 2, '3-1-2-0', -4, 3, 0),
(198, 60, 'FC. "CHAPA-SKIMUCHI"', 1, '3-2-1-0', 5, 6, 0),
(199, 10, 'младост(мартин бойкинов)', 0, '8-7-1-0', 28, 21, 0),
(200, 10, '', 9, '0-0-0-0', 0, 0, 1),
(201, 6, '', 2, '0-0-0-0', 0, 0, 1),
(202, 61, 'Хулигани', 1, '0-0-0-0', 0, 0, 0),
(203, 61, 'ДЗИ', 2, '0-0-0-0', 0, 0, 0),
(204, 61, 'Ла Фурия', 3, '0-0-0-0', 0, 0, 0),
(205, 62, ' 	хулигани', 1, '0-0-0-0', 0, 0, 0),
(206, 62, ' 	дзи', 2, '0-0-0-0', 0, 0, 0),
(207, 62, 'Ла фурия', 3, '0-0-0-0', 0, 0, 0),
(208, 62, ' туристите', 4, '0-0-0-0', 0, 0, 0),
(209, 64, '', 1, '0-0-0-0', 0, 0, 0),
(210, 65, '', 1, '0-0-0-0', 0, 0, 1),
(211, 65, ' 	младост(мартин бойкинов)', 2, '0-0-0-0', 0, 0, 0),
(212, 65, 'фк дружба(николай арабаджиев)', 3, '0-0-0-0', 0, 0, 0),
(213, 65, ' 	emporio', 4, '0-0-0-0', 0, 0, 0),
(214, 65, 'фк "младост 4"(цветан-ернандо уанг)', 5, '0-0-0-0', 0, 0, 0),
(215, 10, '', 9, '0-0-0-0', 0, 0, 1),
(216, 66, ' 	фк дружба(николай арабаджиев)', 1, '0-0-0-0', 0, 0, 0),
(217, 66, ' 	фк "младост 4"(цветан-ернандо уанг)', 2, '0-0-0-0', 0, 0, 0),
(218, 66, ' 	младост(мартин бойкинов)', 3, '0-0-0-0', 0, 0, 0),
(219, 66, ' 	emporio', 4, '0-0-0-0', 0, 0, 0),
(220, 67, 'хулигани', 1, '0-0-0-0', 0, 0, 0),
(221, 62, ' 	Ла фурия', 5, '0-0-0-0', 0, 0, 1),
(222, 67, ' 	дзи', 2, '0-0-0-0', 0, 0, 0),
(223, 67, 'туристите', 3, '0-0-0-0', 0, 0, 0),
(224, 67, ' 	Ла фурия', 4, '0-0-0-0', 0, 0, 0);

/*!40101 SET CHARACTER_SET_CLIENT=@OLD_CHARACTER_SET_CLIENT */;
/*!40101 SET CHARACTER_SET_RESULTS=@OLD_CHARACTER_SET_RESULTS */;
/*!40101 SET COLLATION_CONNECTION=@OLD_COLLATION_CONNECTION */;
